fare_category,count,avg_fare
High,201458,71.16798732241698
Medium,1920945,18.61914877309951
Low,944363,6.59045346967923
